healthy1.jpg,0
healthy2.jpg,0
healthy3.jpg,0
healthy4.jpg,0
healthy5.jpg,0
healthy6.jpg,0
healthy7.jpg,0
healthy8.jpg,0
healthy9.jpg,0
healthy10.jpg,0
healthy11.jpg,0
healthy12.jpg,0
healthy13.jpg,0
healthy14.jpg,0
healthy15.jpg,0
healthy16.jpg,0
healthy17.jpg,0
healthy18.jpg,0
healthy19.jpg,0
healthy20.jpg,0
healthy21.jpg,0
healthy22.jpg,0
healthy23.jpg,0
healthy24.jpg,0
healthy25.jpg,0
healthy26.jpg,0
healthy27.jpg,0
healthy28.jpg,0
healthy29.jpg,0
healthy30.jpg,0
healthy31.jpg,0
healthy32.jpg,0
healthy33.jpg,0
healthy34.jpg,0
healthy35.jpg,0
healthy36.jpg,0
healthy37.jpg,0
healthy38.jpg,0
healthy39.jpg,0
healthy40.jpg,0
healthy41.jpg,0
healthy42.jpg,0
healthy43.jpg,0
healthy44.jpg,0
healthy45.jpg,0
healthy46.jpg,0
healthy47.jpg,0
healthy48.jpg,0
healthy49.jpg,0
healthy50.jpg,0
healthy51.jpg,0
healthy52.jpg,0
healthy53.jpg,0
healthy54.jpg,0
healthy55.jpg,0
healthy56.jpg,0
healthy57.jpg,0
healthy58.jpg,0
healthy59.jpg,0
healthy60.jpg,0
healthy61.jpg,0
healthy62.jpg,0
healthy63.jpg,0
healthy64.jpg,0
healthy65.jpg,0
healthy66.jpg,0
healthy67.jpg,0
healthy68.jpg,0
healthy69.jpg,0
healthy70.jpg,0
healthy71.jpg,0
healthy72.jpg,0
healthy73.jpg,0
healthy74.jpg,0
healthy75.jpg,0
healthy76.jpg,0
healthy77.jpg,0
healthy78.jpg,0
healthy79.jpg,0
healthy80.jpg,0
healthy81.jpg,0
healthy82.jpg,0
healthy83.jpg,0
healthy84.jpg,0
healthy85.jpg,0
healthy86.jpg,0
healthy87.jpg,0
healthy88.jpg,0
healthy89.jpg,0
healthy90.jpg,0
healthy91.jpg,0
healthy92.jpg,0
healthy93.jpg,0
healthy94.jpg,0
healthy95.jpg,0
healthy96.jpg,0
healthy97.jpg,0
healthy98.jpg,0
healthy99.jpg,0
healthy100.jpg,0
healthy101.jpg,0
healthy102.jpg,0
healthy103.jpg,0
healthy104.jpg,0
healthy105.jpg,0
healthy106.jpg,0
healthy107.jpg,0
healthy108.jpg,0
healthy109.jpg,0
healthy110.jpg,0
healthy111.jpg,0
healthy112.jpg,0
healthy113.jpg,0
healthy114.jpg,0
healthy115.jpg,0
healthy116.jpg,0
healthy117.jpg,0
healthy118.jpg,0
healthy119.jpg,0
healthy120.jpg,0
healthy121.jpg,0
healthy122.jpg,0
healthy123.jpg,0
healthy124.jpg,0
healthy125.jpg,0
healthy126.jpg,0
healthy127.jpg,0
healthy128.jpg,0
healthy129.jpg,0
healthy130.jpg,0
healthy131.jpg,0
healthy132.jpg,0
healthy133.jpg,0
healthy134.jpg,0
healthy135.jpg,0
healthy136.jpg,0
healthy137.jpg,0
healthy138.jpg,0
healthy139.jpg,0
healthy140.jpg,0
healthy141.jpg,0
healthy142.jpg,0
healthy143.jpg,0
healthy144.jpg,0
healthy145.jpg,0
healthy146.jpg,0
healthy147.jpg,0
healthy148.jpg,0
healthy149.jpg,0
healthy150.jpg,0
healthy151.jpg,0
healthy152.jpg,0
healthy153.jpg,0
healthy154.jpg,0
healthy155.jpg,0
healthy156.jpg,0
healthy157.jpg,0
healthy158.jpg,0
healthy159.jpg,0
healthy160.jpg,0
healthy161.jpg,0
healthy162.jpg,0
healthy163.jpg,0
healthy164.jpg,0
healthy165.jpg,0
healthy166.jpg,0
healthy167.jpg,0
healthy168.jpg,0
healthy169.jpg,0
healthy170.jpg,0
healthy171.jpg,0
healthy172.jpg,0
healthy173.jpg,0
healthy174.jpg,0
healthy175.jpg,0
healthy176.jpg,0
healthy177.jpg,0
healthy178.jpg,0
healthy179.jpg,0
healthy180.jpg,0
healthy181.jpg,0
healthy182.jpg,0
healthy183.jpg,0
healthy184.jpg,0
healthy185.jpg,0
healthy186.jpg,0
healthy187.jpg,0
healthy188.jpg,0
healthy189.jpg,0
healthy190.jpg,0
healthy191.jpg,0
healthy192.jpg,0
healthy193.jpg,0
healthy194.jpg,0
healthy195.jpg,0
healthy196.jpg,0
healthy197.jpg,0
healthy198.jpg,0
healthy199.jpg,0
healthy200.jpg,0
healthy201.jpg,0
healthy202.jpg,0
healthy203.jpg,0
healthy204.jpg,0
healthy205.jpg,0
healthy206.jpg,0
healthy207.jpg,0
healthy208.jpg,0
healthy209.jpg,0
healthy210.jpg,0
healthy211.jpg,0
healthy212.jpg,0
healthy213.jpg,0
healthy214.jpg,0
healthy215.jpg,0
healthy216.jpg,0
healthy217.jpg,0
healthy218.jpg,0
healthy219.jpg,0
healthy220.jpg,0
healthy221.jpg,0
healthy222.jpg,0
healthy223.jpg,0
healthy224.jpg,0
healthy225.jpg,0
healthy226.jpg,0
healthy227.jpg,0
healthy228.jpg,0
healthy229.jpg,0
healthy230.jpg,0
healthy231.jpg,0
healthy232.jpg,0
healthy233.jpg,0
healthy234.jpg,0
healthy235.jpg,0
healthy236.jpg,0
healthy237.jpg,0
healthy238.jpg,0
healthy239.jpg,0
healthy240.jpg,0
healthy241.jpg,0
healthy242.jpg,0
healthy243.jpg,0
healthy244.jpg,0
healthy245.jpg,0
healthy246.jpg,0
healthy247.jpg,0
healthy248.jpg,0
healthy249.jpg,0
healthy250.jpg,0
healthy251.jpg,0
healthy252.jpg,0
healthy253.jpg,0
healthy254.jpg,0
healthy255.jpg,0
healthy256.jpg,0
healthy257.jpg,0
healthy258.jpg,0
healthy259.jpg,0
healthy260.jpg,0
healthy261.jpg,0
healthy262.jpg,0
healthy263.jpg,0
healthy264.jpg,0
healthy265.jpg,0
healthy266.jpg,0
healthy267.jpg,0
healthy268.jpg,0
healthy269.jpg,0
healthy270.jpg,0
healthy271.jpg,0
healthy272.jpg,0
healthy273.jpg,0
healthy274.jpg,0
healthy275.jpg,0
healthy276.jpg,0
healthy277.jpg,0
healthy278.jpg,0
healthy279.jpg,0
healthy280.jpg,0
healthy281.jpg,0
healthy282.jpg,0
healthy283.jpg,0
healthy284.jpg,0
healthy285.jpg,0
healthy286.jpg,0
healthy287.jpg,0
healthy288.jpg,0
healthy289.jpg,0
healthy290.jpg,0
healthy291.jpg,0
healthy292.jpg,0
healthy293.jpg,0
healthy294.jpg,0
healthy295.jpg,0
healthy296.jpg,0
healthy297.jpg,0
healthy298.jpg,0
healthy299.jpg,0
healthy300.jpg,0
healthy301.jpg,0
healthy302.jpg,0
healthy303.jpg,0
healthy304.jpg,0
healthy305.jpg,0
healthy306.jpg,0
healthy307.jpg,0
healthy308.jpg,0
healthy309.jpg,0
healthy310.jpg,0
healthy311.jpg,0
healthy312.jpg,0
healthy313.jpg,0
healthy314.jpg,0
healthy315.jpg,0
healthy316.jpg,0
healthy317.jpg,0
healthy318.jpg,0
healthy319.jpg,0
healthy320.jpg,0
healthy321.jpg,0
healthy322.jpg,0
healthy323.jpg,0
healthy324.jpg,0
healthy325.jpg,0
healthy326.jpg,0
healthy327.jpg,0
healthy328.jpg,0
healthy329.jpg,0
healthy330.jpg,0
healthy331.jpg,0
healthy332.jpg,0
healthy333.jpg,0
healthy334.jpg,0
healthy335.jpg,0
healthy336.jpg,0
healthy337.jpg,0
healthy338.jpg,0
healthy339.jpg,0
healthy340.jpg,0
healthy341.jpg,0
healthy342.jpg,0
healthy343.jpg,0
healthy344.jpg,0
healthy345.jpg,0
healthy346.jpg,0
healthy347.jpg,0
healthy348.jpg,0
healthy349.jpg,0
healthy350.jpg,0
healthy351.jpg,0
healthy352.jpg,0
healthy353.jpg,0
healthy354.jpg,0
healthy355.jpg,0
healthy356.jpg,0
healthy357.jpg,0
healthy358.jpg,0
healthy359.jpg,0
healthy360.jpg,0
healthy361.jpg,0
healthy362.jpg,0
healthy363.jpg,0
healthy364.jpg,0
healthy365.jpg,0
healthy366.jpg,0
healthy367.jpg,0
healthy368.jpg,0
healthy369.jpg,0
healthy370.jpg,0
ill371.jpg,1
ill372.jpg,1
ill373.jpg,1
ill374.jpg,1
ill375.jpg,1
ill376.jpg,1
ill377.jpg,1
ill378.jpg,1
ill379.jpg,1
ill380.jpg,1
ill381.jpg,1
ill382.jpg,1
ill383.jpg,1
ill384.jpg,1
ill385.jpg,1
ill386.jpg,1
ill387.jpg,1
ill388.jpg,1
ill389.jpg,1
ill390.jpg,1
ill391.jpg,1
ill392.jpg,1
ill393.jpg,1
ill394.jpg,1
ill395.jpg,1
ill396.jpg,1
ill397.jpg,1
ill398.jpg,1
ill399.jpg,1
ill400.jpg,1
ill401.jpg,1
ill402.jpg,1
ill403.jpg,1
ill404.jpg,1
ill405.jpg,1
ill406.jpg,1
ill407.jpg,1
ill408.jpg,1
ill409.jpg,1
ill410.jpg,1
ill411.jpg,1
ill412.jpg,1
ill413.jpg,1
ill414.jpg,1
ill415.jpg,1
ill416.jpg,1
ill417.jpg,1
ill418.jpg,1
ill419.jpg,1
ill420.jpg,1
ill421.jpg,1
ill422.jpg,1
ill423.jpg,1
ill424.jpg,1
ill425.jpg,1
ill426.jpg,1
ill427.jpg,1
ill428.jpg,1
ill429.jpg,1
ill430.jpg,1
ill431.jpg,1
ill432.jpg,1
ill433.jpg,1
ill434.jpg,1
ill435.jpg,1
ill436.jpg,1
ill437.jpg,1
ill438.jpg,1
ill439.jpg,1
ill440.jpg,1
ill441.jpg,1
ill442.jpg,1
ill443.jpg,1
ill444.jpg,1
ill445.jpg,1
ill446.jpg,1
ill447.jpg,1
ill448.jpg,1
ill449.jpg,1
ill450.jpg,1
ill451.jpg,1
ill452.jpg,1
ill453.jpg,1
ill454.jpg,1
ill455.jpg,1
ill456.jpg,1
ill457.jpg,1
ill458.jpg,1
ill459.jpg,1
ill460.jpg,1
ill461.jpg,1
ill462.jpg,1
ill463.jpg,1
ill464.jpg,1
ill465.jpg,1
ill466.jpg,1
ill467.jpg,1
ill468.jpg,1
ill469.jpg,1
ill470.jpg,1
ill471.jpg,1
ill472.jpg,1
ill473.jpg,1
ill474.jpg,1
ill475.jpg,1
ill476.jpg,1
ill477.jpg,1
ill478.jpg,1
ill479.jpg,1
ill480.jpg,1
ill481.jpg,1
ill482.jpg,1
ill483.jpg,1
ill484.jpg,1
ill485.jpg,1
ill486.jpg,1
ill487.jpg,1
ill488.jpg,1
ill489.jpg,1
ill490.jpg,1
ill491.jpg,1
ill492.jpg,1
ill493.jpg,1
ill494.jpg,1
ill495.jpg,1
ill496.jpg,1
ill497.jpg,1
ill498.jpg,1
ill499.jpg,1
ill500.jpg,1
ill501.jpg,1
ill502.jpg,1
ill503.jpg,1
ill504.jpg,1
ill505.jpg,1
ill506.jpg,1
ill507.jpg,1
ill508.jpg,1
ill509.jpg,1
ill510.jpg,1
ill511.jpg,1